{
  "num_scored": 499,
  "score_mae": 1.002359,
  "score_spearman": 0.616742
}