{
  "num_scored": 483,
  "score_mae": 2.468909,
  "score_spearman": 0.482963
}